url,question,output,timestamp
https://www.yna.co.kr/view/AKR20250116080800001,요약해줘,"## 연합뉴스 기사 분석: 국민의힘 vs 민주당, 이재명 및 김문수 인지도 조사

**연합뉴스가 발표한 NBS 설문조사 결과에 따르면, 국민의힘이 35%로 민주당(33%)을 밀리며 선호도에서 앞섰습니다.** 이는 최근 정치 상황과 연관된 분석이 가능하며, 다음과 같은 주요 내용들이 시각화됩니다.

* **양당 지지율 접목**: 두 당의 지지율 차이는 매우 작으며, 한국 사회의 정치 분위기가 양극화되고 있는 것으로 보입니다.
* **이재명의 인지도**: 민주당을 이끌고 있는 이재명은 28%로 높은 인지도를 보여줍니다. 하지만 최근 경제 및 사회 문제에 대한 대처 방안 마련 및 정책 실행에 대해 시민들이 더욱 기대하고 있음을 반영합니다.
* **김문수의 부상**: 김문수 장관의 인지도는 13%로 높은 수치를 보이며, 이는 경제 정책 전문성과 안정적인 리더십을 강조하며 국민들의 신뢰를 받고 있다는 것을 나타냅니다.
* **홍준표 및 오세훈**: 홍준표 대구시장과 오세훈 서울시장은 각각 8%와 6%로 상대적으로 낮은 인지도를 보이고 있습니다. 이들은 앞으로 더 적극적인 정책 추진과 시민 소통을 통해 지지율을 높여야 할 필요가 있습니다.

**결론적으로, 연합뉴스의 NBS 조사 결과는 한국 사회와 정치 분위기를 파악하는 중요한 자료입니다.** 두 당이 좁은 차로 경쟁하고 있으며, 이재명과 김문수는 각자의 강점을 바탕으로 국민들의 지지 확보를 노력할 것으로 예상됩니다. 앞으로 진행될 다양한 정치적 활동 및 정책 변화에 따라 한국 사회의 미래 전망이 달라질 수 있습니다.



",2025-01-16 11:40:15.456930
